text,label,notes
"Tatum's usage rate in Q4 climbs to 34% but his true shooting drops from .615 to .541. He's not a closer — the offense runs better through Brown in crunch time.",analysis,
"Jokic's assist-to-turnover ratio in playoff series he's won versus lost is 5.2 vs 3.1. The difference isn't scoring — it's ball security.",analysis,
"The Celtics rank 3rd in defensive rating when Smart is on the floor and 18th when he's off it. His impact doesn't show in the box score.",analysis,
"LeBron's true shooting percentage in Finals losses versus wins is .571 vs .624. He elevates in wins and recedes in losses — the opposite of the narrative.",analysis,
"Curry shoots .421 from three in the regular season and .389 in the playoffs. That's a 3.2% drop — statistically insignificant over a large sample.",analysis,
"The Warriors' net rating with Draymond on vs off is +9.1 vs -2.4. He is the connective tissue of that entire system.",analysis,
"OKC is top 5 in pace and top 3 in transition points. Shai's efficiency comes partly from playing in one of the league's fastest systems.",analysis,
"Looking at every team that went up 3-1 in the conference finals since 2000, only 1 of 14 blew that lead. The comeback narrative is statistically rare.",analysis,
"Embiid's playoff net rating this year is +11.2 — best on the team. The 'Embiid can't win in the playoffs' take is not supported by the numbers.",analysis,
"Miami's zone defense forces opponents into mid-range twos at the highest rate in the league. That's not an accident — it's a deliberate scheme Spoelstra has run for 4 years.",analysis,
"KD's scoring average in series he's lost is 31.4 — higher than in series he's won (28.9). Volume scoring without winning is the pattern.",analysis,
"Denver's second-unit drop-off in net rating is -6.8, worst among playoff teams. If Murray goes cold, there's nobody to cover.",analysis,
"Anthony Davis blocks per 36 minutes in the playoffs is 2.8 — top 5 historically for big men in the postseason. His defensive presence is measurably elite.",analysis,
"Giannis's free throw rate in the 4th quarter of close games is 42% higher than his regular season average. Teams are deliberately fouling him late.",analysis,
"The Knicks' offensive rebounding rate of 27.1% leads the league. That's the hidden engine behind their second-chance points output.",analysis,
"Ja Morant's shot attempts at the rim vs mid-range this season: 61% vs 14%. He's almost entirely avoiding the mid-range, which is why his efficiency is up.",analysis,
"Boston's clutch-time net rating of +18.3 is the best in the league by a wide margin. They don't just win close games — they dominate the final minutes.",analysis,
"The historical win rate for teams with a top-5 defensive rating making the Finals is 74%. Defense-first teams win championships at a measurably higher rate.",analysis,
"Nikola Jokic has the highest PER of any center in NBA history through age 28. The comparison to past centers isn't even close on that metric.",analysis,
"Phoenix's net rating plummets by 12.1 points when both KD and Beal are on the bench simultaneously. Their depth beyond the starters is genuinely thin.",analysis,
"Minnesota's defensive rating improved by 8.4 points after acquiring Rudy Gobert — one of the largest single-season defensive improvements in recent NBA history.",analysis,
"Chicago's offensive rating ranks 24th in the league this season. The Zach LaVine era has produced a bottom-third offense despite having a volume scorer.",analysis,
"Brunson's scoring in fourth quarters this season: 7.2 PPG on .581 TS%. That's elite clutch efficiency, not just volume.",analysis,
"Sacramento's turnover rate of 11.8% is the lowest in the league. That's why their pace-and-space offense generates so many clean looks — they don't self-destruct.",analysis,
"Kawhi Leonard's minutes restriction correlates directly with his playoff availability: seasons where he played 60+ games, he appeared in 4 of 5 playoff runs. Seasons under 55 games — 1 of 4.",analysis,
"Portland's three-point attempt rate of 44% is top 5 in the league. Chauncey Billups has fully committed to the modern offensive model.",analysis,
"Wembanyama's defensive win shares through his first 50 games are comparable to prime Embiid. That's historically early for a big to impact defense that way.",analysis,
"OKC's bench unit outscores opponents by +4.2 per 100 possessions — top 3 in the league. Their depth is the reason they can weather Shai's off nights.",analysis,
"The Lakers' half-court offensive rating with LeBron at point forward is +6.1 — their highest of any lineup combination. That's the lineup they should close with.",analysis,
"Atlanta's transition frequency dropped 18% after trading for a half-court big. The roster construction directly constrains what offense they can run.",analysis,
"Miami's playoff net rating when scoring exactly 100-109 points is +21. They need to play in the mud — they can't win a shootout.",analysis,
"Devin Booker's three-point percentage on catch-and-shoot attempts (.401) versus off the dribble (.338) shows exactly where his shot creation limits are.",analysis,
"Cleveland's starting lineup has a +9.8 net rating — top 5 in the league. Their problem is the second unit, which is -5.2.",analysis,
"Historically, teams that win Game 7 on the road in the conference semis go on to win the Finals at a 68% rate. Road warriors carry momentum.",analysis,
"LA Clippers' free throw rate of 0.31 is the lowest among playoff teams. They're generating offense without getting to the line, which is unsustainable.",analysis,
"Bam Adebayo's screen assists per game of 4.8 lead all centers. His value as a movement creator is invisible in traditional box scores.",analysis,
"The Warriors are 31-8 when Draymond plays 30+ minutes and 12-19 when he doesn't. The sample is large enough that this isn't noise.",analysis,
"Tyrese Haliburton's assist-to-turnover ratio of 5.1 is the best by a lead guard in 15 years. He doesn't just create — he creates safely.",analysis,
"New Orleans' defensive scheme ranks 2nd in opponent three-point percentage allowed. The scheme is deliberately funneling opponents to the paint.",analysis,
"Toronto's rebuild is proceeding ahead of schedule — their young core's net rating in games against playoff teams is +2.1, which is competitive, not developmental.",analysis,
"Dame Lillard's three-point volume in the playoffs (9.8 attempts per game) exceeds his regular season rate (8.1). He's not shrinking — he's hunting.",analysis,
"The 76ers are 4-0 when Embiid scores 35+ and 2-9 when he doesn't. The correlation is direct enough that opponent game plans are obvious.",analysis,
"Minnesota's offensive rating climbs 7.1 points when Edwards operates from the elbow mid-range rather than off the dribble from the perimeter.",analysis,
"Dallas's switch-heavy defense gives up 6.2 fewer points per 100 possessions than their drop coverage did last season. The scheme change is working.",analysis,
"Shai Gilgeous-Alexander leads the league in scoring on plays where he draws a foul without taking a shot — 4.1 such sequences per game.",analysis,
"Detroit's young core — Ivey, Duren, Cunningham — has the best net rating among any trio of players under 23 in the last five drafts. The rebuild has real pieces.",analysis,
"Milwaukee's offense operates at league-average efficiency without Giannis on the floor. That's remarkable for a team this reliant on a superstar.",analysis,
"Indiana's pace of 103.1 possessions per game is the fastest in the league. They generate shot volume by refusing to slow down.",analysis,
"Scottie Barnes's defensive versatility — he's guarded 1 through 5 this season with positive results at each position — is what makes Toronto's switching scheme viable.",analysis,
"The correlation between offensive rebounding rate and playoff exit round over the last 10 years is actually negative (-0.21). Crashing the glass doesn't predict postseason success.",analysis,
"Sacramento's half-court offense ranks 8th but their transition offense ranks 2nd. Remove fast breaks and they're a much more average team.",analysis,
"Houston's defensive improvement of 11.3 points per 100 possessions year-over-year is the largest single-season jump since the Spurs' 2004 retool.",analysis,
"Memphis is 18-4 this season when Ja Morant plays 35+ minutes and 6-14 when he doesn't. The team's ceiling is inseparable from his availability.",analysis,
"GS Warriors' three-point shooting variance — highest game-to-game swings of any team in the league — explains their regular-season inconsistency without explaining away the talent.",analysis,
"Charlotte's lottery odds improve by roughly 6% for each additional loss from this point. They're in the range where tanking decisions start making mathematical sense.",analysis,
"Orlando's pace of play ranking has moved from 28th to 7th over three seasons. The front office made a deliberate scheme transition and it's showing in the data.",analysis,
"New York's defensive rebounding rate of 76.3% is the best in franchise history. That's a structural advantage Thibs built over three seasons of roster construction.",analysis,
"Brooklyn's salary cap situation gives them approximately $28M in flexibility next summer — enough for one max contract or two mid-tier signings, not both.",analysis,
"Washington's turnover rate under Wes Unseld Jr. improved from 16.2% to 13.4% in two seasons — a significant structural change for a team rebuilding around ball movement.",analysis,
"Luka Doncic's step-back three-point percentage from the left wing is .388 — his best zone. Defenders who shade right are leaving that look open.",analysis,
"Utah's net rating in the final 5 minutes of games is -8.1 — worst in the league. Their roster lacks a reliable shot creator in late-clock situations.",analysis,
"San Antonio's draft capital over the next 3 years includes 2 top-5 protected picks and 1 unprotected. The organizational patience is being built into the infrastructure.",analysis,
"The Nuggets are 11-2 in series where Jokic averages 10+ assists. His playmaking volume is a better predictor of series outcome than his scoring.",analysis,
"Phoenix's clutch-time net rating of -4.2 is the worst among playoff teams. They build leads and then give them back — it's a consistent pattern, not a fluke.",analysis,
"Miami's half-court isolation frequency of 8.3% is the lowest in the league. Spoelstra has deliberately removed hero ball from the offensive scheme.",analysis,
"Portland's pace improved by 4.1 possessions per game after adding a push-rim center. The roster move was specifically designed to increase transition opportunities.",analysis,
"Chicago's turnover rate of 15.9% is the highest among teams currently in a playoff position. That's a correctable problem but it hasn't been corrected in 60 games.",analysis,
"New Orleans' three-point shooting rate of 33.1% is the lowest in the league. They're willingly leaving points on the table by avoiding modern shot selection.",analysis,
"LA Lakers' offensive rating in the fourth quarter of games they're trailing by 5 or more is 98.3 — below league average. They don't have a reliable come-from-behind offense.",analysis,
"Donovan Mitchell's efficiency in series against teams with elite perimeter defenders drops by 4.1 TS%. That's the matchup exploitable by any prepared coaching staff.",analysis,
"Toronto's pick-and-roll coverage data shows they switch on 61% of screens — league average — but give up just 0.82 PPP on those possessions, top 5 in the league. The personnel executes the scheme.",analysis,
"Tyrese Maxey's shot quality metrics rank 4th in the league — he's not just taking good shots, he's making them at an elite rate for his age.",analysis,
"LeBron is the greatest player ever and nobody who argues otherwise is watching the same sport.",hot_take,
"Kobe Bryant was better than LeBron. I don't care about advanced stats. Five rings and the mentality.",hot_take,
"The Warriors dynasty was built on soft competition. Nobody from that era would survive a real physical defense.",hot_take,
"Steph Curry is a fraud in the playoffs. Every single time it matters, he's gone.",hot_take,
"KD is the most talented player who ever lived. It's not even a conversation.",hot_take,
"The Celtics will never win a championship with Tatum as the first option. He's a second banana at best.",hot_take,
"Giannis can't win a title without an elite second star. He just can't. The 2021 title was a fluke.",hot_take,
"MJ in his prime would average 40 a night in today's game. These rules are made for him.",hot_take,
"The NBA is rigged for big markets. Small market teams don't stand a chance in free agency and never will.",hot_take,
"Luka will have more rings than LeBron before he retires. That's just where this is going.",hot_take,
"Jokic winning three MVPs is the most embarrassing thing to happen to the award. He just stands around and collects stats.",hot_take,
"Embiid has never been healthy enough to find out if he's actually elite. We don't know what he is yet.",hot_take,
"Russell Westbrook ruined every team he went to after OKC. He's the most overrated stat-stuffer in history.",hot_take,
"Draymond Green should have been suspended for a full season years ago. The league protects him because of the Warriors brand.",hot_take,
"Kyrie Irving is the most skilled ball handler who ever played. Disagree with his life choices all you want — the handle is unmatched.",hot_take,
"The Heat culture thing is massively overblown. They just got lucky with the right players at the right time.",hot_take,
"Shai Gilgeous-Alexander is already a top-5 player in the league. The MVP votes will come.",hot_take,
"Ja Morant would be unguardable in any era. The athleticism alone puts him in a different category.",hot_take,
"Derrick Rose had the best season any guard has ever had in 2011. It gets forgotten because of the injury.",hot_take,
"The Thunder will win a championship before the Knicks do. OKC is just built better from the ground up.",hot_take,
"James Harden is a quitter. Every time his team needs him most, he disappears or forces his way out.",hot_take,
"Pop is the greatest coach in NBA history and it's not remotely close. Anyone who argues otherwise is clueless.",hot_take,
"Wembanyama is already better than Embiid was at the same age. By year 3 he'll be top 3 in the league.",hot_take,
"The Knicks are cursed. It doesn't matter who they draft, sign, or hire — they will find a way to blow it.",hot_take,
"Ben Simmons was the biggest waste of talent in the last 20 years. The ceiling was top 5 player in the world and he chose to be a role player.",hot_take,
"Dame Lillard is a top-10 all-time point guard. Portland just never gave him the team to prove it on the big stage.",hot_take,
"The Lakers are done as a contender until LeBron retires. They've wasted the last 3 years of his prime.",hot_take,
"Trae Young is the most unclutch star in the league. He disappears in the playoffs every single year.",hot_take,
"Zion Williamson would be an all-time great if he cared about being in shape. He doesn't and it's a waste.",hot_take,
"Anthony Davis is the most fragile star the league has ever produced. You literally cannot build around him.",hot_take,
"Devin Booker deserves more MVP consideration. The Suns carry him offensively and he delivers night after night.",hot_take,
"The Clippers will never win anything. It's a franchise-wide culture problem, not a personnel problem.",hot_take,
"Doncic is top 3 in the league right now. Anyone who puts him outside the top 5 isn't watching games.",hot_take,
"OKC winning the championship this year would be the most impressive rebuild in NBA history. Period.",hot_take,
"Paul George is allergic to big moments. Every single time his team needs him in the playoffs, he vanishes.",hot_take,
"Tyrese Haliburton is going to win an MVP in the next 3 years. The playmaking is just on another level.",hot_take,
"The NBA three-point line is ruining basketball. The game was better when teams had to work for good shots.",hot_take,
"Chet Holmgren is a better prospect than Embiid was coming out of college. The skill level is just higher.",hot_take,
"Chris Paul chokes in Game 7s. It's a documented pattern at this point, not a hot take.",hot_take,
"Bam Adebayo is the most underrated player in the league. He'd be a franchise cornerstone on 20 other teams.",hot_take,
"Kawhi Leonard's legacy is already cemented as a top-15 all-time player regardless of what he does from here.",hot_take,
"The Spurs will be back in the playoffs within 2 years. The Wembanyama era is going to go fast.",hot_take,
"Joel Embiid's MVP was deserved and anyone still mad about it needs to look at the actual numbers, not the narrative.",hot_take,
"Victor Wembanyama is going to be the best player in the world by age 23. It's almost inevitable.",hot_take,
"The media gives LeBron a pass on everything. If he played in Chicago he'd be criticized every single night.",hot_take,
"Donovan Mitchell is criminally underrated nationally. He's a legitimate top-10 player and nobody talks about him.",hot_take,
"The Pistons are going to surprise people next year. Cade Cunningham is putting it together.",hot_take,
"Tracy McGrady is the most underappreciated player in NBA history. His prime was on another planet.",hot_take,
"Durant joining the Warriors was the worst thing to happen to the league in 20 years. It killed competitive balance.",hot_take,
"Tyrese Maxey is going to be a franchise cornerstone. Philly fans don't know how lucky they are.",hot_take,
"The Lakers need to blow it up this summer. This roster configuration is going nowhere.",hot_take,
"Scottie Barnes is going to be a perennial All-Star. Toronto fans are watching something special and don't realize it yet.",hot_take,
"Russell Westbrook had one of the greatest individual seasons in history in 2016-17. Triple doubles every night is not 'just stats.'",hot_take,
"The Celtics are the best team in the East and it's not close. Everyone else is competing for second.",hot_take,
"Giannis in his prime is better than any player except Jordan and LeBron. I'll die on that hill.",hot_take,
"Memphis will be a contender the second Ja comes back healthy. The pieces are there — they just need him.",hot_take,
"Golden State is two years from being completely irrelevant. The dynasty window is closed and the roster is aging out.",hot_take,
"Deandre Ayton was the right pick at number one in 2018. People forget how good he actually is.",hot_take,
"Miami without Jimmy Butler is a lottery team. The culture stuff doesn't work without a star to anchor it.",hot_take,
"Sacramento's window is closing fast. If they don't make a big move this summer, the Fox era will end without a title run.",hot_take,
"Carmelo Anthony was never the problem in New York. The front office and ownership were.",hot_take,
"Jaylen Brown is a better second star than Klay Thompson ever was. I'll take clutch over shooting.",hot_take,
"The Suns made a massive mistake trading Ayton. He's going to be an All-Star somewhere else and they'll regret it.",hot_take,
"Kevin Durant is the most unstoppable offensive player in NBA history. The wingspan plus the handles plus the IQ — there's never been anything like it.",hot_take,
"Portland should blow it up already. Scoot Henderson is not the franchise player they were hoping for.",hot_take,
"Washington wasted 6 years of Bradley Beal's prime. The front office should never be forgiven for that.",hot_take,
"Patrick Beverley is the most overrated defender of the past decade. His reputation is built entirely on hustle plays.",hot_take,
"NOOOOOO WAY. He just posterized him standing still. I cannot believe what I just witnessed.",reaction,
"We are SO back. I've been saying this all season and nobody believed me.",reaction,
"I'm genuinely shaking right now. That ending was not real.",reaction,
"Wait wait wait. Did that just go in off the backboard? Are you kidding me?",reaction,
"This is the greatest game I have ever watched in my entire life. No notes.",reaction,
"I can't breathe. I cannot breathe. He's been doing this for 20 years and it still gets me.",reaction,
"Season is over. I don't want to hear a single word about this team until October.",reaction,
"LETS GOOOOOOO. I knew it. I knew it. I said this exact thing in this subreddit three weeks ago.",reaction,
"The way my stomach dropped when that shot went up. I aged 10 years watching this game.",reaction,
"Crying in real life. Not metaphorically. Actually crying.",reaction,
"I hate this team so much. I love this team so much. I can't explain it.",reaction,
"He just will not let them lose. This man is different.",reaction,
"My heart literally stopped for 3 seconds when he got hurt. So relieved.",reaction,
"This is what the playoffs are. This is exactly what the playoffs are for. I am so alive right now.",reaction,
"Delete my account. I was so wrong about this team. Completely wrong.",reaction,
"HE JUMPED OVER HIM. That should not be physically possible for a human being.",reaction,
"I called it. I posted at halftime that they'd come back and I called it. Screenshot this.",reaction,
"Just woke my entire family up screaming. Nobody is happy with me right now.",reaction,
"That's it. That's the shot of the year. I don't need to see anything else.",reaction,
"The ref made that call with 0.3 seconds left. I am actually ill.",reaction,
"He's 40 years old doing this. FORTY. I need someone to explain this to me.",reaction,
"I went from completely checked out to fully invested in about 4 seconds. That's basketball.",reaction,
"My coworkers heard me yell and now I have to explain why I'm watching basketball at my desk.",reaction,
"This is the most stressed I've been all year and I had a genuinely stressful year.",reaction,
"They were down 18. EIGHTEEN. I turned it off and missed all of it. I am a failure.",reaction,
"Every time I think I'm out they pull me back in. I've said I'm done with this team 6 times.",reaction,
"Nobody panic. Nobody panic. It's fine. We're fine. I am absolutely panicking.",reaction,
"I stood up. I just stood up alone in my apartment and clapped for 30 seconds. I don't know who I am.",reaction,
"The look on his face after that dunk said everything. He knew. The whole arena knew.",reaction,
"We don't deserve this team. We absolutely do not deserve them.",reaction,
"I have been a fan for 27 years and that is top 5 moments without question.",reaction,
"What is happening. Somebody please explain what is happening because I have no idea.",reaction,
"This is why I wake up. Not for work, not for responsibilities — for moments exactly like this one.",reaction,
"I closed the app at halftime like a fool. Now I'm watching the highlights in shame.",reaction,
"Three overtimes and I have work in 4 hours. Worth it. Completely worth it.",reaction,
"He did NOT just hit that. He did NOT just hit that. I am losing my mind.",reaction,
"The arena went silent and I got chills through my phone screen watching the stream. That's power.",reaction,
"Bro. BRO. Did you see that pass? That might be the greatest pass I have ever seen.",reaction,
"I told myself I wasn't going to watch this game. I've been watching for 3 hours.",reaction,
"My dad just called me mid-game to scream. We didn't say any words. We just screamed.",reaction,
"This team is going to give me a heart condition. I say this with complete sincerity.",reaction,
"The shot clock was at 1. ONE. And he just... it's in. It's in. I can't.",reaction,
"Can we just appreciate what we're watching? Like actually stop and appreciate it? This is rare.",reaction,
"I've watched that clip 12 times and it doesn't get less insane.",reaction,
"He looked at the bench after that dunk and I felt that look in my chest.",reaction,
"First time in years I've jumped off my couch. That got me.",reaction,
"I went from 'this is over' to 'WE'RE WINNING THE CHAMPIONSHIP' in approximately 90 seconds.",reaction,
"That is the coldest thing I have ever seen. Completely cold-blooded.",reaction,
"I knew it. I always knew it. I've believed in this kid since day one.",reaction,
"When the buzzer went off the entire bar just erupted. I'll remember that for the rest of my life.",reaction,
"Still processing. I've been staring at the ceiling for 20 minutes.",reaction,
"That dunk happened 3 hours ago and I'm still thinking about it on my commute.",reaction,
"I don't care about sleep. I don't care about work tomorrow. This was worth everything.",reaction,
"This is why sports exist. Right here. This is the entire reason.",reaction,
"My hands are literally shaking as I type this. What a game. What an absolute game.",reaction,
"I said he was going to hit it. Said it out loud to an empty room. Said it.",reaction,
"The comeback is complete. I have no words. I have no words.",reaction,
"I need a moment. I genuinely need a moment to collect myself after that.",reaction,
"Just texted 6 people at once. None of them are basketball fans. I don't care.",reaction,
"He's going to talk about that shot for the rest of his life. So are we.",reaction,
"This is the most alive I've felt watching a game in years. I forgot what this felt like.",reaction,
"The fact that this is real and actually happened and I watched it live — I'll never get over it.",reaction,
"I hate overtime but I love overtime. I hate overtime but I love overtime.",reaction,
"Every single thing that could go wrong did and they still won. I don't understand this team.",reaction,
"Three-pointer. At the buzzer. In overtime. In the playoffs. I need to lie down.",reaction,
"That's going in the highlight reel forever. I was there for it. I was in this thread for it.",reaction,
"I closed the stream, opened it again, closed it, opened it. I literally cannot watch.",reaction,
"He is genuinely one of a kind. I don't know what else to say. One of a kind.",reaction,
